{"cameraMode":{"drawMode":0,"name":"Shaded","section":"Shading Mode"},"sceneLighting":true,"audioPlay":false,"sceneViewState":{"m_AlwaysRefresh":false,"showFog":true,"showSkybox":true,"showFlares":true,"showImageEffects":true,"showParticleSystems":true,"showVisualEffectGraphs":true,"m_FxEnabled":true},"in2DMode":false,"pivot":{"x":1008.1677856445313,"y":803.7928466796875,"z":-1279.1895751953125},"rotation":{"x":-0.17722433805465699,"y":0.1505143940448761,"z":-0.027435751631855966,"w":-0.9722110033035278},"size":1.6149687767028809,"orthographic":false}