{"cameraMode":{"drawMode":0,"name":"Shaded","section":"Shading Mode"},"sceneLighting":false,"audioPlay":false,"sceneViewState":{"m_AlwaysRefresh":false,"showFog":false,"showSkybox":false,"showFlares":false,"showImageEffects":false,"showParticleSystems":false,"showVisualEffectGraphs":true,"m_FxEnabled":true},"in2DMode":false,"pivot":{"x":0.39994725584983828,"y":0.8010169267654419,"z":0.020001694560050966},"rotation":{"x":-0.0765252634882927,"y":0.6327180862426758,"z":-0.06304311752319336,"w":-0.7680267095565796},"size":1.6839618682861329,"orthographic":false}